01_ヌエドリ.m4a	https://chevqsecii.duckdns.org/static/upload/359518011670943403.jpg
02_恋夢.m4a	https://chevqsecii.duckdns.org/static/upload/169457941670943873.jpg
03_不安定な神様.m4a	https://chevqsecii.duckdns.org/static/upload/690329551670943878.jpg
04_ユメカウツツカ.m4a	https://chevqsecii.duckdns.org/static/upload/460894241670943883.jpg
05_天かける星.m4a	https://chevqsecii.duckdns.org/static/upload/777671341670943888.jpg
06_星降る空仰ぎ見て.m4a	https://chevqsecii.duckdns.org/static/upload/625985711670943896.jpg
07_星灯.m4a	https://chevqsecii.duckdns.org/static/upload/240772341670943900.jpg
08_キミガタメ 2016.m4a	https://chevqsecii.duckdns.org/static/upload/099512081670944081.jpg
09_永久に 2016.m4a	https://chevqsecii.duckdns.org/static/upload/821935221670944085.jpg
10_麗しき世界.m4a	https://chevqsecii.duckdns.org/static/upload/442769321670943903.jpg
11_夢想歌 2016.m4a	https://chevqsecii.duckdns.org/static/upload/983719731670944105.jpg
Extra [Safari] 夢想歌.m4a	https://chevqsecii.duckdns.org/static/upload/276012211670952228.jpg
天啓の地.mp3	https://chevqsecii.duckdns.org/static/upload/604518421670993272.jpg
百日草.flac	https://chevqsecii.duckdns.org/static/upload/993123081671006891.jpg
人なんだ.flac	https://chevqsecii.duckdns.org/static/upload/131745161671007143.jpg
